{
    "INd000": {
        "A": 0.0398812554299281,
        "B": 0.0398812554299281,
        "Y": 4.655024793212111
    },
    "INd0d0": {
        "A": 0.0398812554299281,
        "B": 0.0398812554299281,
        "Y": 4.655024793212111
    },
    "INdac0": {
        "A": 0.0398812554299281,
        "B": 0.0398812554299281,
        "Y": 4.655024793212111
    },
    "INdb90": {
        "A": 0.0398812554299281,
        "B": 0.0398812554299281,
        "Y": 4.655024793212111
    },
    "INe0a0": {
        "A": 0.0398812554299281,
        "B": 0.0398812554299281,
        "Y": 4.655024793212111
    },
    "INe170": {
        "A": 0.0398812554299281,
        "B": 0.0398812554299281,
        "Y": 4.655024793212111
    },
    "INe2f0": {
        "A": 0.0398812554299281,
        "B": 0.0398812554299281,
        "Y": 4.655024793212111
    },
    "INe3c0": {
        "A": 0.0398812554299281,
        "B": 0.0398812554299281,
        "Y": 4.655024793212111
    },
    "INe8e0": {
        "A": 0.0398812554299281,
        "B": 0.0398812554299281,
        "Y": 4.655024793212111
    },
    "INe9b0": {
        "A": 0.0398812554299281,
        "B": 0.0398812554299281,
        "Y": 4.655024793212111
    },
    "INea80": {
        "A": 0.0398812554299281,
        "B": 0.0398812554299281,
        "Y": 4.655024793212111
    },
    "INeb50": {
        "A": 0.0398812554299281,
        "B": 0.0398812554299281,
        "Y": 4.655024793212111
    },
    "INf060": {
        "A": 0.0398812554299281,
        "B": 0.0398812554299281,
        "Y": 4.655024793212111
    },
    "INf530": {
        "A": 0.0398812554299281,
        "B": 0.0398812554299281,
        "Y": 4.655024793212111
    },
    "INfa00": {
        "A": 0.0398812554299281,
        "B": 0.0398812554299281,
        "Y": 4.655024793212111
    },
    "MULa230": {
        "A": 2.3630219012752858,
        "B": 108.83735303295529,
        "Y": 0.0
    },
    "MUL4180": {
        "A": 2.3630219012752858,
        "B": 108.83735303295529,
        "Y": 0.0
    },
    "ADD1030": {
        "A": 0.0,
        "B": 73.75930173283946,
        "Y": 0.0
    },
    "ADD4cf0": {
        "A": 0.0,
        "B": 42.67868844744718,
        "Y": 0.0
    },
    "SUB1070": {
        "A": 0.0,
        "B": 16.199591781994823,
        "Y": 0.0
    },
    "MUL2fe0": {
        "A": 2.3630219012752858,
        "B": 108.83735303295529,
        "Y": 0.0
    },
    "MUL0ff0": {
        "A": 2.3630219012752858,
        "B": 108.83735303295529,
        "Y": 0.0
    },
    "ADD4420": {
        "A": 0.0,
        "B": 73.75930173283946,
        "Y": 0.0
    },
    "ADD0f50": {
        "A": 0.0,
        "B": 42.67868844744718,
        "Y": 0.0
    },
    "SUB4d30": {
        "A": 0.0,
        "B": 16.199591781994823,
        "Y": 0.0
    },
    "MUL4d70": {
        "A": 2.3630219012752858,
        "B": 108.83735303295529,
        "Y": 0.0
    },
    "MUL3b00": {
        "A": 2.3630219012752858,
        "B": 108.83735303295529,
        "Y": 0.0
    },
    "ADD9160": {
        "A": 0.0,
        "B": 73.97768757398725,
        "Y": 0.0
    },
    "ADD8ca0": {
        "A": 0.0,
        "B": 42.67868844744718,
        "Y": 0.0
    },
    "SUB7210": {
        "A": 0.0,
        "B": 16.287792070622036,
        "Y": 0.0
    },
    "MUL6d50": {
        "A": 2.3630219012752858,
        "B": 108.83735303295529,
        "Y": 0.0
    },
    "MUL6380": {
        "A": 2.3630219012752858,
        "B": 108.83735303295529,
        "Y": 0.0
    },
    "ADDd520": {
        "A": 0.0,
        "B": 73.97768757398725,
        "Y": 0.0
    },
    "ADDe540": {
        "A": 0.0,
        "B": 42.67868844744718,
        "Y": 0.0
    },
    "SUBb7a0": {
        "A": 0.0,
        "B": 16.287792070622036,
        "Y": 0.0
    },
    "GTc4b0": {
        "B": 42.0464725623486,
        "Y": 12.35202727
    },
    "MUX7ea0": {
        "B": 12.008897698375561,
        "Y": 12.35202727
    },
    "GTad30": {
        "B": 74.1665489527045,
        "Y": 12.35202727
    },
    "MUXad70": {
        "B": 12.372192618081444,
        "Y": 12.35202727
    },
    "GTc540": {
        "B": 74.1665489527045,
        "Y": 12.35202727
    },
    "MUXffe0": {
        "B": 12.372192618081444,
        "Y": 12.35202727
    },
    "OUT9ae0": {
        "A": 12.37158154692746,
        "B": 12.37158154692746,
        "Y": 29.70994943342967
    }
}