{
    "INb000": {
        "A": 0.07736765511982101,
        "B": 0.07736765511982101,
        "Y": 9.145970559596936
    },
    "INb0d0": {
        "A": 0.07736765511982101,
        "B": 0.07736765511982101,
        "Y": 9.145970559596936
    },
    "INbac0": {
        "A": 0.07736765511982101,
        "B": 0.07736765511982101,
        "Y": 9.145970559596936
    },
    "INbb90": {
        "A": 0.07736765511982101,
        "B": 0.07736765511982101,
        "Y": 9.145970559596936
    },
    "INc0a0": {
        "A": 0.07736765511982101,
        "B": 0.07736765511982101,
        "Y": 9.145970559596936
    },
    "INc170": {
        "A": 0.07736765511982101,
        "B": 0.07736765511982101,
        "Y": 9.145970559596936
    },
    "INc2f0": {
        "A": 0.07736765511982101,
        "B": 0.07736765511982101,
        "Y": 9.145970559596936
    },
    "INc3c0": {
        "A": 0.07736765511982101,
        "B": 0.07736765511982101,
        "Y": 9.145970559596936
    },
    "INc8e0": {
        "A": 0.07736765511982101,
        "B": 0.07736765511982101,
        "Y": 9.145970559596936
    },
    "INc9b0": {
        "A": 0.07736765511982101,
        "B": 0.07736765511982101,
        "Y": 9.145970559596936
    },
    "INca80": {
        "A": 0.07736765511982101,
        "B": 0.07736765511982101,
        "Y": 9.145970559596936
    },
    "INcb50": {
        "A": 0.07736765511982101,
        "B": 0.07736765511982101,
        "Y": 9.145970559596936
    },
    "INd060": {
        "A": 0.07736765511982101,
        "B": 0.07736765511982101,
        "Y": 9.145970559596936
    },
    "INd530": {
        "A": 0.07736765511982101,
        "B": 0.07736765511982101,
        "Y": 9.145970559596936
    },
    "INda00": {
        "A": 0.07736765511982101,
        "B": 0.07736765511982101,
        "Y": 9.145970559596936
    },
    "MUL8230": {
        "A": 3.987814854172765,
        "B": 183.67779321298008,
        "Y": 0.0
    },
    "MUL2180": {
        "A": 3.987814854172765,
        "B": 183.67779321298008,
        "Y": 0.0
    },
    "ADDf030": {
        "A": 0.0,
        "B": 124.21742514191445,
        "Y": 0.0
    },
    "ADD2cf0": {
        "A": 0.0,
        "B": 71.90070579732067,
        "Y": 0.0
    },
    "SUBf070": {
        "A": 0.0,
        "B": 27.278024524130075,
        "Y": 0.0
    },
    "MUL0fe0": {
        "A": 3.987814854172765,
        "B": 183.67779321298008,
        "Y": 0.0
    },
    "MULeff0": {
        "A": 3.987814854172765,
        "B": 183.67779321298008,
        "Y": 0.0
    },
    "ADD2420": {
        "A": 0.0,
        "B": 124.21742514191445,
        "Y": 0.0
    },
    "ADDef50": {
        "A": 0.0,
        "B": 71.90070579732067,
        "Y": 0.0
    },
    "SUB2d30": {
        "A": 0.0,
        "B": 27.278024524130075,
        "Y": 0.0
    },
    "MUL2d70": {
        "A": 3.987814854172765,
        "B": 183.67779321298008,
        "Y": 0.0
    },
    "MUL1b00": {
        "A": 3.987814854172765,
        "B": 183.67779321298008,
        "Y": 0.0
    },
    "ADD7160": {
        "A": 0.0,
        "B": 124.58502505557291,
        "Y": 0.0
    },
    "ADD6ca0": {
        "A": 0.0,
        "B": 71.90070579732067,
        "Y": 0.0
    },
    "SUB5210": {
        "A": 0.0,
        "B": 27.42648844612066,
        "Y": 0.0
    },
    "MUL4d50": {
        "A": 3.987814854172765,
        "B": 183.67779321298008,
        "Y": 0.0
    },
    "MUL4380": {
        "A": 3.987814854172765,
        "B": 183.67779321298008,
        "Y": 0.0
    },
    "ADDb520": {
        "A": 0.0,
        "B": 124.58502505557291,
        "Y": 0.0
    },
    "ADDc540": {
        "A": 0.0,
        "B": 71.90070579732067,
        "Y": 0.0
    },
    "SUB97a0": {
        "A": 0.0,
        "B": 27.42648844612066,
        "Y": 0.0
    },
    "GTa4b0": {
        "B": 70.8035718619019,
        "Y": 20.79166
    },
    "MUX5ea0": {
        "B": 20.22464117834009,
        "Y": 20.79166
    },
    "GT8d30": {
        "B": 124.86997674300989,
        "Y": 20.79166
    },
    "MUX8d70": {
        "B": 20.836160590104797,
        "Y": 20.79166
    },
    "GTa540": {
        "B": 124.86997674300989,
        "Y": 20.79166
    },
    "MUXdfe0": {
        "B": 20.836160590104797,
        "Y": 20.79166
    },
    "OUT7ae0": {
        "A": 20.834812087374345,
        "B": 20.834812087374345,
        "Y": 52.630254367832705
    }
}