{
    "INd000": {
        "A": 0.16570640657373215,
        "B": 0.16570640657373215,
        "Y": 19.46945541525065
    },
    "INd0d0": {
        "A": 0.16570640657373215,
        "B": 0.16570640657373215,
        "Y": 19.46945541525065
    },
    "INdac0": {
        "A": 0.16570640657373215,
        "B": 0.16570640657373215,
        "Y": 19.46945541525065
    },
    "INdb90": {
        "A": 0.16570640657373215,
        "B": 0.16570640657373215,
        "Y": 19.46945541525065
    },
    "INe0a0": {
        "A": 0.16570640657373215,
        "B": 0.16570640657373215,
        "Y": 19.46945541525065
    },
    "INe170": {
        "A": 0.16570640657373215,
        "B": 0.16570640657373215,
        "Y": 19.46945541525065
    },
    "INe2f0": {
        "A": 0.16570640657373215,
        "B": 0.16570640657373215,
        "Y": 19.46945541525065
    },
    "INe3c0": {
        "A": 0.16570640657373215,
        "B": 0.16570640657373215,
        "Y": 19.46945541525065
    },
    "INe8e0": {
        "A": 0.16570640657373215,
        "B": 0.16570640657373215,
        "Y": 19.46945541525065
    },
    "INe9b0": {
        "A": 0.16570640657373215,
        "B": 0.16570640657373215,
        "Y": 19.46945541525065
    },
    "INea80": {
        "A": 0.16570640657373215,
        "B": 0.16570640657373215,
        "Y": 19.46945541525065
    },
    "INeb50": {
        "A": 0.16570640657373215,
        "B": 0.16570640657373215,
        "Y": 19.46945541525065
    },
    "INf060": {
        "A": 0.16570640657373215,
        "B": 0.16570640657373215,
        "Y": 19.46945541525065
    },
    "INf530": {
        "A": 0.16570640657373215,
        "B": 0.16570640657373215,
        "Y": 19.46945541525065
    },
    "INfa00": {
        "A": 0.16570640657373215,
        "B": 0.16570640657373215,
        "Y": 19.46945541525065
    },
    "MULa230": {
        "A": 9.157974933455755,
        "B": 421.8083689218465,
        "Y": 0.0
    },
    "MUL4180": {
        "A": 9.157974933455755,
        "B": 421.8083689218465,
        "Y": 0.0
    },
    "ADD1030": {
        "A": 0.0,
        "B": 285.57094324258486,
        "Y": 0.0
    },
    "ADD4cf0": {
        "A": 0.0,
        "B": 165.26603568468565,
        "Y": 0.0
    },
    "SUB1070": {
        "A": 0.0,
        "B": 62.715356003166555,
        "Y": 0.0
    },
    "MUL2fe0": {
        "A": 9.157974933455755,
        "B": 421.8083689218465,
        "Y": 0.0
    },
    "MUL0ff0": {
        "A": 9.157974933455755,
        "B": 421.8083689218465,
        "Y": 0.0
    },
    "ADD4420": {
        "A": 0.0,
        "B": 285.57094324258486,
        "Y": 0.0
    },
    "ADD0f50": {
        "A": 0.0,
        "B": 165.26603568468565,
        "Y": 0.0
    },
    "SUB4d30": {
        "A": 0.0,
        "B": 62.715356003166555,
        "Y": 0.0
    },
    "MUL4d70": {
        "A": 9.157974933455755,
        "B": 421.8083689218465,
        "Y": 0.0
    },
    "MUL3b00": {
        "A": 9.157974933455755,
        "B": 421.8083689218465,
        "Y": 0.0
    },
    "ADD9160": {
        "A": 0.0,
        "B": 286.41625759304486,
        "Y": 0.0
    },
    "ADD8ca0": {
        "A": 0.0,
        "B": 165.26603568468565,
        "Y": 0.0
    },
    "SUB7210": {
        "A": 0.0,
        "B": 63.056756202462616,
        "Y": 0.0
    },
    "MUL6d50": {
        "A": 9.157974933455755,
        "B": 421.8083689218465,
        "Y": 0.0
    },
    "MUL6380": {
        "A": 9.157974933455755,
        "B": 421.8083689218465,
        "Y": 0.0
    },
    "ADDd520": {
        "A": 0.0,
        "B": 286.41625759304486,
        "Y": 0.0
    },
    "ADDe540": {
        "A": 0.0,
        "B": 165.26603568468565,
        "Y": 0.0
    },
    "SUBb7a0": {
        "A": 0.0,
        "B": 63.056756202462616,
        "Y": 0.0
    },
    "GTc4b0": {
        "B": 162.7824042784363,
        "Y": 47.81146
    },
    "MUX7ea0": {
        "B": 46.494986151405016,
        "Y": 47.81146
    },
    "GTad30": {
        "B": 287.1108010643062,
        "Y": 47.81146
    },
    "MUXad70": {
        "B": 47.901205563169725,
        "Y": 47.81146
    },
    "GTc540": {
        "B": 287.1108010643062,
        "Y": 47.81146
    },
    "MUXffe0": {
        "B": 47.901205563169725,
        "Y": 47.81146
    },
    "OUT9ae0": {
        "A": 47.89848600064943,
        "B": 47.89848600064943,
        "Y": 117.90157616625446
    }
}