{
    "IN1010": {
        "A": 0.43764705882352944,
        "B": 0.43764705882352944,
        "Y": 6.7200000000000015
    },
    "IN10e0": {
        "A": 0.43764705882352944,
        "B": 0.43764705882352944,
        "Y": 6.7200000000000015
    },
    "IN1ad0": {
        "A": 0.43764705882352944,
        "B": 0.43764705882352944,
        "Y": 6.7200000000000015
    },
    "IN1ba0": {
        "A": 0.43764705882352944,
        "B": 0.43764705882352944,
        "Y": 6.7200000000000015
    },
    "IN20b0": {
        "A": 0.43764705882352944,
        "B": 0.43764705882352944,
        "Y": 6.7200000000000015
    },
    "IN2180": {
        "A": 0.43764705882352944,
        "B": 0.43764705882352944,
        "Y": 6.7200000000000015
    },
    "IN2300": {
        "A": 0.43764705882352944,
        "B": 0.43764705882352944,
        "Y": 6.7200000000000015
    },
    "IN23d0": {
        "A": 0.43764705882352944,
        "B": 0.43764705882352944,
        "Y": 6.7200000000000015
    },
    "IN28f0": {
        "A": 0.43764705882352944,
        "B": 0.43764705882352944,
        "Y": 6.7200000000000015
    },
    "IN29c0": {
        "A": 0.43764705882352944,
        "B": 0.43764705882352944,
        "Y": 6.7200000000000015
    },
    "IN2a90": {
        "A": 0.43764705882352944,
        "B": 0.43764705882352944,
        "Y": 6.7200000000000015
    },
    "IN2b60": {
        "A": 0.43764705882352944,
        "B": 0.43764705882352944,
        "Y": 6.7200000000000015
    },
    "IN3070": {
        "A": 0.43764705882352944,
        "B": 0.43764705882352944,
        "Y": 6.7200000000000015
    },
    "IN3540": {
        "A": 0.43764705882352944,
        "B": 0.43764705882352944,
        "Y": 6.7200000000000015
    },
    "IN3a10": {
        "A": 0.43764705882352944,
        "B": 0.43764705882352944,
        "Y": 6.7200000000000015
    },
    "MULe240": {
        "A": 2.2172332015810277,
        "B": 102.26631947008681,
        "Y": 0.0
    },
    "MUL8190": {
        "A": 2.2172332015810277,
        "B": 102.26631947008681,
        "Y": 0.0
    },
    "ADD5040": {
        "A": 0.0,
        "B": 61.53934382231549,
        "Y": 0.0
    },
    "ADD8d00": {
        "A": 0.0,
        "B": 36.376985768848954,
        "Y": 0.0
    },
    "SUB5080": {
        "A": 0.0,
        "B": 13.40958942166531,
        "Y": 0.0
    },
    "MUL6ff0": {
        "A": 2.2172332015810277,
        "B": 102.26631947008681,
        "Y": 0.0
    },
    "MUL5000": {
        "A": 2.2172332015810277,
        "B": 102.26631947008681,
        "Y": 0.0
    },
    "ADD8430": {
        "A": 0.0,
        "B": 61.53934382231549,
        "Y": 0.0
    },
    "ADD4f60": {
        "A": 0.0,
        "B": 36.376985768848954,
        "Y": 0.0
    },
    "SUB8d40": {
        "A": 0.0,
        "B": 13.40958942166531,
        "Y": 0.0
    },
    "MUL8d80": {
        "A": 2.2172332015810277,
        "B": 102.26631947008681,
        "Y": 0.0
    },
    "MUL7b10": {
        "A": 2.2172332015810277,
        "B": 102.26631947008681,
        "Y": 0.0
    },
    "ADDd170": {
        "A": 0.0,
        "B": 61.7161454406848,
        "Y": 0.0
    },
    "ADDccb0": {
        "A": 0.0,
        "B": 36.376985768848954,
        "Y": 0.0
    },
    "SUBb220": {
        "A": 0.0,
        "B": 13.480994938103432,
        "Y": 0.0
    },
    "MULad60": {
        "A": 2.2172332015810277,
        "B": 102.26631947008681,
        "Y": 0.0
    },
    "MULa390": {
        "A": 2.2172332015810277,
        "B": 102.26631947008681,
        "Y": 0.0
    },
    "ADD1530": {
        "A": 0.0,
        "B": 61.7161454406848,
        "Y": 0.0
    },
    "ADD2550": {
        "A": 0.0,
        "B": 36.376985768848954,
        "Y": 0.0
    },
    "SUBf7b0": {
        "A": 0.0,
        "B": 13.480994938103432,
        "Y": 0.0
    },
    "GT04c0": {
        "B": 34.886109554933086,
        "Y": 10.0
    },
    "MUXbeb0": {
        "B": 10.035882352941176,
        "Y": 10.0
    },
    "GTed40": {
        "B": 60.88999999999999,
        "Y": 10.0
    },
    "MUXed80": {
        "B": 10.33,
        "Y": 10.0
    },
    "GT0550": {
        "B": 60.88999999999999,
        "Y": 10.0
    },
    "MUX3ff0": {
        "B": 10.33,
        "Y": 10.0
    },
    "OUTdaf0": {
        "A": 10.32,
        "B": 10.32,
        "Y": 30.240000000000002
    }
}