{
    "IN_B": 0.22203488372093022,
    "MUL_B": 46.228981052005736,
    "MUL_B_2": 46.228981052005736,
    "ADD_B": 22.394273963539018,
    "ADD_B_2": 4.502053093736999,
    "SUB_B": 2.7989468499445587,
    "MUL_B_3": 46.228981052005736,
    "MUL_B_4": 46.228981052005736,
    "ADD_B_3": 22.394273963539018,
    "ADD_B_4": 4.502053093736999,
    "SUB_B_2": 2.7989468499445587,
    "MUL_B_5": 46.228981052005736,
    "MUL_B_6": 46.228981052005736,
    "ADD_B_5": 22.394273963539018,
    "ADD_B_6": 4.502053093736999,
    "SUB_B_3": 2.7989468499445587,
    "MUL_B_7": 46.228981052005736,
    "MUL_B_8": 46.228981052005736,
    "ADD_B_7": 22.394273963539018,
    "ADD_B_8": 4.502053093736999,
    "SUB_B_4": 2.7989468499445587,
    "GT_B": 57.021321071350904,
    "MUX_B": 11.26155,
    "GT_B_2": 77.02515,
    "MUX_B_2": 14.69075,
    "GT_B_3": 80.29945,
    "MUX_B_3": 18.20565,
    "OUT_B": 14.1016
}